date,montant,categorie,description
2024-12-15,293.41,Voyage,Autour mémoire réveiller feuille songer entrer sueur secrétaire.
2025-04-18,100.31,Voyage,Très foule mon fenêtre tendre d'abord inconnu résoudre.
2025-06-12,321.18,Shopping,Représenter branche droite joli tantôt apparence ciel cabinet.
2025-03-07,427.78,Voyage,Bras chanter poche après.
2025-08-12,436.72,Santé,Partout malheur enfermer émotion tache.
2025-09-16,398.98,Diverstissement,Distance sujet attirer résistance terrain goutte maladie.
2025-06-02,142.57,Alimentation,Habitant profiter seulement ah.
2025-05-13,174.32,Abonnement,Raconter afin de geste de enfin fond.
2024-11-22,243.77,Shopping,Soleil armée songer.
2025-01-14,288.91,Alimentation,Dresser connaître matin supérieur poser.
2025-03-20,394.72,Diverstissement,Religion compte point fou gros.
2025-06-23,356.38,Voyage,Dans ordre bout imaginer mesure.
2025-05-11,245.19,Santé,Travailler certain mêler paix doux répéter visite.
2025-08-09,496.16,Abonnement,Couche marier police mourir étage demi court noir.
2025-05-23,471.7,Abonnement,Ennemi quelqu'un page veiller tout ouvrir.
2025-08-17,449.51,Abonnement,Accuser tranquille fin former suite.
2025-07-13,466.79,Santé,Chasse avouer seigneur fille promener mourir.
2025-04-01,379.26,Logement,Lutte calme rouge appuyer imposer noire.
2025-08-06,456.56,Logement,Ici semblable colère connaître eaux.
2025-07-21,219.95,Shopping,Sourire surprendre blanc commander bande or bien porter.
2025-02-10,473.81,Voyage,Père petit fort hauteur habitude désert eaux ramasser.
2024-11-06,72.44,Santé,Vouloir assez arracher son humide.
2025-08-10,234.1,Logement,Certes désirer nature argent.
2024-12-11,23.47,Shopping,Dès produire subir obéir peau surveiller hier.
2024-10-19,276.4,Diverstissement,Instant soumettre facile retenir instinct.
2024-12-22,351.11,Transport,Plutôt maintenant douceur famille.
2024-11-18,245.97,Shopping,Inquiéter te heure demi sourire minute ou.
2025-02-27,54.55,Santé,Traiter passer pensée mal.
2025-09-06,85.64,Logement,Fonction subir français verser mentir annoncer soulever valeur.
2025-03-08,6.65,Logement,Exemple traîner tendre confiance même chacun absence énergie.
2024-12-16,93.85,Voyage,Homme taille monter non armée.
2024-12-29,402.07,Santé,Cher voilà marche même poète bataille tard.
2025-04-28,440.59,Alimentation,Moindre anglais personnage lourd grain sérieux importance aimer.
2025-01-20,215.17,Logement,Couper être doux jusque dix autre.
2024-09-17,41.91,Transport,Nombreux malheur lutte.
2025-04-24,291.87,Diverstissement,Fatiguer poche falloir poursuivre.
2025-02-14,240.69,Voyage,Soirée ennemi pauvre soit jaune toi ressembler.
2024-12-26,247.57,Alimentation,Retourner voler enfance combat aile trente étouffer épaule.
2024-10-16,75.16,Diverstissement,Contre rouler dès facile.
2025-03-18,120.05,Logement,Fatigue exemple transformer répandre.
2024-10-25,399.53,Shopping,Sans entier accuser coup.
2025-05-14,452.52,Transport,Or matin puis.
2024-11-30,257.82,Logement,Feuille sable arrivée réflexion ajouter pouvoir plan proposer.
2025-03-22,271.43,Alimentation,Amour donner supporter présence cercle peau.
2025-03-22,331.7,Santé,Fête visible coin visage trouver risquer pluie.
2025-09-06,150.44,Transport,Leur escalier société sueur demain.
2025-01-25,393.27,Voyage,Coûter appartenir monsieur solitude printemps robe faible.
2025-07-09,153.94,Shopping,Impossible ajouter supporter yeux plusieurs parcourir promettre.
2025-05-13,205.48,Voyage,Désespoir renverser aucun quelque auprès politique éteindre là.
2025-02-23,482.38,Abonnement,Impossible bien parfois mien moindre le impression.
2025-02-15,126.69,Abonnement,Impression aile calmer.
2025-03-11,411.79,Voyage,Capable tard fille frère intérieur ah manier.
2025-02-05,59.83,Diverstissement,Tant confier doigt volonté sentier déjà.
2025-02-25,301.55,Transport,Demander sourd agir profiter bout secret.
2025-03-05,218.4,Abonnement,Traiter soir puis achever.
2025-04-12,52.33,Diverstissement,Assister instinct couvrir neuf puis.
2025-04-15,92.23,Transport,Défendre intérieur heureux tirer heureux afin de.
2025-01-19,457.88,Alimentation,Éteindre clef côte seulement saison naissance.
2025-01-01,174.18,Alimentation,Époque répondre justice dos depuis rassurer.
2024-11-30,284.04,Shopping,Désirer taire risquer saison soin.
2025-03-24,259.21,Shopping,Vérité habiter mais nécessaire.
2025-01-29,181.58,Voyage,Plus véritable charger pain discussion parfois semblable.
2025-08-17,479.26,Alimentation,Souvenir pourquoi rouge avec coûter rencontrer.
2025-02-10,181.33,Shopping,Autour dame manquer principe.
2025-08-25,104.63,Voyage,Sauvage caresser remonter acte.
2024-11-16,243.0,Diverstissement,Mort lettre mesure théâtre sortir lourd.
2024-11-08,297.65,Alimentation,Aspect reculer d'abord près jeune course rose.
2025-02-09,9.16,Abonnement,Allumer haïr attirer camarade président.
2024-10-17,150.57,Voyage,Sourire livre facile cela faim crainte.
2025-06-07,71.14,Transport,Interroger peuple moment étendre lueur digne.
2025-03-16,283.36,Transport,Soleil reprendre matin visite réunir moitié.
2025-06-17,159.0,Abonnement,Regretter sembler discours voyager combat.
2025-04-10,12.38,Abonnement,Tant votre espoir cher.
2025-06-19,180.45,Alimentation,Moindre entrer village compter inquiétude ton user.
2025-08-24,445.22,Transport,Pouvoir cheveu banc parler élever plus beau.
2024-10-09,472.18,Logement,Yeux frère vin chaque femme témoin.
2025-04-05,375.66,Voyage,Emmener figurer mille briser accomplir nom choix.
2025-05-14,387.3,Diverstissement,Produire comment salut jouer espérer cher joli.
2025-08-30,464.24,Abonnement,Soumettre ciel sans bout morceau dormir.
2025-05-21,227.28,Logement,Douleur briser science.
2025-08-31,367.72,Transport,Sortir malade ton mourir écrire poche réel.
2025-05-30,395.76,Diverstissement,Tempête recueillir argent acheter nul bleu demain.
2025-06-13,485.1,Transport,Quitter attention parfaitement calme.
2024-09-30,415.86,Transport,Scène soutenir camarade nuit suivre neuf.
2025-05-10,318.86,Santé,Son comment chair autre prêter changer phrase afin de.
2024-12-16,59.0,Transport,Poids vol intérieur désigner attirer quel engager.
2025-04-25,115.48,Transport,Répéter puissance accomplir dormir curiosité forêt.
2025-03-04,498.66,Logement,Fumer million voisin fermer couper.
2025-06-27,457.26,Santé,Brûler bruit raison repousser lui particulier diriger plein.
2025-06-10,168.09,Voyage,Qui fond reconnaître absolument.
2024-12-27,58.91,Voyage,Accomplir me jamais fer grain.
2025-04-17,141.69,Transport,Mon user salut.
2024-10-15,270.6,Transport,Fer avec défendre instinct fonder te.
2025-05-11,236.95,Logement,Portier ami un femme.
2024-10-31,165.83,Transport,Remplir plaire vingt te ancien or.
2024-11-28,462.08,Santé,On règle projet devant élever.
2024-11-17,304.01,Shopping,Saisir distinguer genre lumière caractère raison.
2025-09-03,21.46,Transport,Assez essayer croire monde rue fauteuil.
2025-08-19,186.07,Santé,Peu beau avoir étage enfin rompre clair tout.
2025-08-14,286.43,Diverstissement,Venir école main exemple éclairer écouter surveiller.
2024-09-19,72.36,Shopping,Goût cuisine minute histoire.
2025-06-28,248.28,Logement,Lune risquer vaste certain tandis que tout oreille paysage.
2024-12-02,457.6,Shopping,Noire fauteuil jeune épaule.
2024-11-29,22.41,Shopping,Rire nation rire avenir avec résoudre.
2025-07-31,357.85,Transport,Crier beau morceau long simplement renoncer.
2025-04-16,308.51,Santé,Chef former jardin envelopper mener envelopper nom vide.
2025-09-02,35.57,Diverstissement,Lendemain loin étudier apporter liberté saluer.
2024-12-17,158.42,Santé,Dans terre menacer douze nous goût frapper.
2025-08-02,299.09,Shopping,Nuage mode nombreux.
2024-10-18,152.29,Voyage,Terminer malgré partout doux leur changement.
2025-06-17,318.25,Abonnement,Doute blond devoir vieux soutenir accord briser.
2024-11-07,187.26,Abonnement,Espérer poitrine femme inventer déjà caresser.
2025-02-14,265.78,Voyage,Entrée passé voici moi inventer sauver.
2024-11-29,484.38,Diverstissement,Vingt attention en principe.
2025-03-19,308.77,Santé,Lorsque un chercher chance calme juste semblable.
2025-07-23,339.86,Alimentation,Loi content car soumettre brûler.
2025-01-02,394.82,Shopping,Général simplement plutôt revoir sentiment inutile.
2024-11-05,73.69,Shopping,Dresser recommencer taire de branche chiffre.
2025-01-28,88.96,Voyage,Secret représenter escalier nommer neuf.
2024-10-13,288.73,Transport,Étudier affirmer recommencer homme.
2025-02-16,338.86,Shopping,Ainsi mari dormir.
2024-10-19,355.21,Alimentation,Trace muet accomplir doux.
2025-06-07,35.19,Voyage,Changement écarter glace serrer soutenir banc.
2024-10-20,448.9,Diverstissement,Deviner île pauvre jeune devoir hauteur.
2025-01-05,184.02,Logement,Attention courant aucun puissant règle passé plonger.
2024-10-25,463.16,Santé,Fils quelque voile françois.
2025-01-26,58.82,Voyage,Venir monde jeune bon précéder.
2025-04-18,79.64,Logement,Musique puissance cacher lier nécessaire ni travers.
2025-02-14,347.53,Logement,Lisser désert rapidement garçon lors siège autrement.
2024-10-06,35.19,Alimentation,Début ailleurs roman.
2025-07-14,271.02,Shopping,Doute longtemps signer.
2025-04-27,73.43,Alimentation,Sueur lutte décrire oiseau maître l'un garder.
2025-06-09,229.66,Voyage,Attirer faveur composer livrer.
2025-08-09,289.42,Shopping,Dresser plein plein prévoir machine cour décrire.
2025-02-04,93.52,Shopping,Possible réponse décrire commander derrière professeur.
2024-12-20,402.82,Santé,Règle fidèle position.
2025-05-03,260.14,Transport,Reconnaître cou glace flamme mon papa retenir.
2025-03-03,49.09,Transport,Table assurer pays tracer rêver.
2025-09-13,168.96,Santé,Premier choisir lever tâche blanc guerre.
2024-09-19,430.05,Shopping,Âgé étudier mur humain.
2025-07-28,221.32,Santé,Autre image l'une chemise dernier représenter.
2024-10-19,152.06,Santé,Rouge chemise est ami chiffre.
2025-01-11,368.17,Shopping,Aussitôt essayer train avant.
2025-01-01,238.56,Diverstissement,Rang sien minute prince considérer marier un.
2025-03-12,34.48,Logement,Leur trembler disposer droit.
2024-10-15,10.76,Abonnement,Moindre sur simplement éternel.
2025-08-30,287.55,Voyage,Mourir vide creuser grandir époque.
2025-06-06,221.61,Logement,Voie compagnie goutte.
2024-12-02,246.21,Santé,Quatre chef respecter inconnu jeu confier.
2025-09-09,88.96,Logement,Rayon chiffre mal apercevoir.
2025-02-24,428.73,Transport,Crise peu nous ancien relever jusque.
2025-05-01,380.26,Alimentation,Bête être jour prince.
2025-04-06,446.69,Diverstissement,Asseoir continuer avancer.
2025-04-26,187.91,Shopping,Voie jour visite établir genou.
2025-07-18,37.27,Shopping,Changer absence long marché entraîner mien désespoir.
2024-09-19,310.96,Diverstissement,Présence arracher roche liberté.
2024-10-20,234.52,Alimentation,Gouvernement inquiéter danger voyager.
2025-08-13,320.1,Voyage,Vol règle précieux rose beau souffler.
2025-01-22,210.46,Abonnement,Rejoindre droit à joue avouer créer.
2025-07-27,382.88,Diverstissement,Tempête matin saint perdu mentir.
2025-03-05,272.59,Shopping,Tard compter coin journée.
2025-04-12,219.91,Shopping,Huit décrire sec.
2025-04-24,41.7,Santé,Nuit lettre égal tout pierre forcer.
2025-01-08,21.63,Transport,Compter poussière sable rose rapide.
2024-10-18,171.18,Alimentation,Soit protéger glace moyen paysan dormir vaste instinct.
2025-04-20,98.7,Alimentation,Papa arbre vouloir.
2025-03-08,434.9,Voyage,Parole où glace enfoncer.
2025-09-16,295.15,Abonnement,Espace différent dominer refuser détruire main.
2024-10-04,29.85,Santé,Oeil justice céder long.
2024-10-05,434.41,Logement,Effet voici précis premier.
2024-11-14,270.5,Logement,Beau peser porte faveur.
2025-05-01,261.34,Shopping,Risquer chacun paix inutile épais.
2025-09-03,189.23,Transport,Peur obéir goutte accepter cerveau.
2025-08-30,418.07,Shopping,Jeunesse travail conduire jambe présent.
2025-06-11,189.72,Santé,Droit salle mais heureux fête éviter roi.
2025-07-12,29.05,Abonnement,Comme impossible tête allumer paix simple île.
2025-08-04,191.8,Voyage,Goût situation sommeil épais.
2025-05-05,33.0,Logement,Pauvre oeil promettre cour jaune elle.
2025-09-01,384.55,Alimentation,De reconnaître étendre saison considérer falloir écraser.
2025-07-22,382.58,Transport,Champ arme devenir doigt peuple.
2025-03-16,302.35,Abonnement,Métier heure commun précéder politique front causer coin.
2025-07-09,25.95,Alimentation,Saisir vingt direction.
2025-03-21,301.31,Voyage,D'Autres comprendre hésiter plonger réflexion.
2024-09-29,340.68,Santé,Odeur hôtel gloire.
2025-01-11,155.11,Diverstissement,Usage accent barbe.
2024-12-11,217.13,Alimentation,Nu marcher vous.
2025-01-22,355.66,Logement,Éclat véritable indiquer rare.
2025-04-17,25.52,Diverstissement,Satisfaire poursuivre foule danger.
2025-09-11,247.39,Transport,Sans approcher ordre tirer.
2025-05-27,119.46,Alimentation,Fixer sept condamner devant subir sourire accrocher.
2024-11-17,233.33,Voyage,Quelqu'Un saint monter début est.
2025-08-14,169.04,Logement,Théâtre pousser diriger sourire essuyer toile.
2025-01-17,412.99,Santé,Accord autorité prévenir monter.
2025-02-04,80.83,Diverstissement,Un somme doute faible.
2024-11-14,48.63,Voyage,Étendue service attitude prêt assez compter.
2025-04-21,427.95,Alimentation,Devant possible autre moyen.
2025-06-09,267.0,Alimentation,Double simplement main sourd grand social.
2025-03-24,142.91,Transport,Nouveau paquet arme horizon forme histoire être.
2025-03-11,494.63,Abonnement,Art ah même.
2025-07-06,430.61,Abonnement,Mari partir partout puisque glace ombre.
2025-06-05,153.17,Alimentation,Drame prévoir juger gouvernement.
2024-12-24,304.73,Transport,Bon certain lorsque au dormir plaire oreille.
2025-07-09,400.23,Abonnement,Douleur savoir deviner d'abord signer.
2024-12-02,63.49,Shopping,Couper également passer jour subir jour.
2025-02-08,473.47,Transport,Chaîne fusil secrétaire possible dehors.
2025-04-28,60.99,Diverstissement,Tantôt presque ouvrir glace.
2025-05-26,345.04,Shopping,Accrocher chance coup sembler avoir réflexion.
2024-11-30,423.82,Transport,Fatiguer avant permettre amener terre marchand long connaître.
2024-11-07,100.17,Logement,Remettre dieu cela peser verser face environ.
2025-06-21,295.68,Alimentation,Gauche vendre lutte lourd moitié queue preuve.
2025-03-28,17.76,Abonnement,Échapper vrai plusieurs retomber obéir autour part surprendre.
2025-01-11,346.41,Santé,Dormir intéresser détacher.
2024-12-17,221.9,Alimentation,Corps regarder rompre il femme.
2024-10-31,354.0,Santé,Feuille réussir écouter marquer condamner chaud.
2025-09-10,162.11,Logement,Regard vieux rassurer jeu au absence condition.
2024-09-29,306.08,Shopping,Hauteur où former naître serrer prétendre.
2024-10-03,230.03,Diverstissement,Neuf vague front offrir consentir même chance.
2025-05-28,140.48,Shopping,Joli bon gauche manquer.
2024-10-03,271.8,Abonnement,Bas sous blanc vêtir.
2024-10-23,373.32,Diverstissement,Seulement soutenir confiance emmener.
2025-09-10,457.35,Abonnement,Voir aide coeur échapper maintenant chemise posséder.
2024-12-24,170.83,Alimentation,Lune noir finir devoir.
2024-12-25,242.66,Alimentation,Commencer fidèle dieu revoir trou marché soldat inviter.
2025-04-21,89.22,Logement,An céder au palais intelligence payer.
2024-12-30,227.85,Abonnement,Sable diriger étranger décrire auprès exiger science.
2025-06-15,304.39,Transport,Déposer charge que pareil charger montagne afin de.
2025-07-22,139.74,Diverstissement,Soirée pont doute fille.
2025-09-14,389.27,Shopping,Confiance d'autres guerre avant général.
2025-08-04,226.22,Shopping,Fête prince étonner revenir avant trouver convenir.
2025-04-01,282.57,Logement,Accuser événement demander tête soutenir.
2025-04-15,15.05,Abonnement,Seconde taille faim.
2025-04-03,249.64,Transport,Chemise présent voyage.
2025-02-03,347.24,Logement,Éclater rien occuper mari.
2025-07-04,477.21,Logement,Faute profond pièce soutenir.
2025-01-04,75.77,Logement,Séparer endormir lentement printemps.
2024-12-12,279.14,Shopping,Miser vrai taire sombre transformer.
2024-11-20,392.85,Diverstissement,Vêtir car exiger.
2025-09-08,166.84,Transport,Certes oreille endormir défendre tout autour installer.
2025-07-18,298.67,Alimentation,Joindre révolution assister.
2025-01-11,471.43,Santé,Guerre quartier second accent.
2025-04-28,389.19,Shopping,Cependant aucun grave aucun chant grand personne.
2025-05-13,483.68,Voyage,Dessus témoin chair précipiter chez expression.
2025-01-15,486.87,Transport,Possible préférer police.
2025-07-08,493.18,Diverstissement,Présenter métier personne comme amuser événement obliger.
2025-07-23,419.04,Shopping,D'Abord gouvernement veille arriver toucher dessiner.
2025-05-28,204.73,Transport,Avance jusque regard neuf terme spectacle.
2025-04-17,408.85,Voyage,Faim principe répondre militaire.
2025-04-29,36.8,Logement,Fermer pourtant ici etc.
2024-10-19,229.5,Alimentation,Aider million discours ce nul.
2024-10-10,107.14,Santé,Nez gens quarante horizon bonheur.
2025-01-14,114.17,Shopping,Feuille premier toi nombre marché chat voisin.
2025-04-08,408.95,Abonnement,Désigner écarter désespoir toujours tenter à parce que si.
2025-06-12,492.99,Voyage,Français naître chemin ensuite train.
2024-11-02,364.28,Diverstissement,Endroit double de falloir revenir rouge.
2025-03-12,427.17,Voyage,Sentiment étranger entourer reprendre résultat public représenter secret.
2024-12-13,73.06,Transport,Garde mettre grâce attirer assister tout secret.
2025-07-14,130.47,Voyage,Nom bande occuper gris ne.
2025-03-14,130.02,Shopping,Surtout enfance également espace vrai confiance blanc.
2025-02-03,15.13,Voyage,Convenir détail larme tandis que moyen.
2025-07-28,126.01,Abonnement,Perdu intérieur fine conclure instant table dent.
2025-02-01,47.5,Diverstissement,Jeunesse mince rocher seulement tôt me voici.
2025-04-09,422.28,Alimentation,Étude seulement adresser groupe métier désert.
2025-04-22,310.16,Shopping,Voie étudier pénétrer grand danser porte.
2025-07-13,452.58,Voyage,Problème rideau tempête marier malheur image.
2025-03-06,450.69,Abonnement,Gros signer effet serrer page croire.
2024-10-11,85.87,Shopping,Tromper montagne voisin malheur.
2025-01-15,398.8,Abonnement,Neuf lit cinquante soirée histoire suivant.
2025-08-15,326.01,Diverstissement,Retourner tout exiger homme blanc.
2025-07-02,181.67,Abonnement,Ouvrage prononcer français fonder acte.
2025-02-13,239.26,Shopping,Tout prix loin temps loup million.
2025-07-08,348.85,Abonnement,Vieillard sortir élément retenir durer état arracher.
2024-10-29,151.65,Voyage,Transformer main prévenir observer jeune campagne.
2025-02-27,162.83,Diverstissement,Empire commencer animal pièce tracer dès doux.
2025-09-12,320.89,Santé,Lentement couler jeu connaître aspect campagne.
2024-12-28,492.23,Voyage,Prouver pain haut premier vivant dégager entretenir.
2025-07-07,18.66,Shopping,Voix emporter savoir tant.
2025-01-05,242.1,Shopping,Théâtre envelopper lieu dehors réserver d'abord.
2025-09-11,326.85,Transport,Robe absence surveiller paix.
2025-04-17,173.72,Alimentation,Souffrir éloigner car or.
2025-04-29,399.88,Shopping,Poids aider sourire commencement taire poète.
2025-04-20,361.1,Alimentation,Coup pied révéler.
2025-01-21,491.45,Voyage,Mot huit demi confondre transformer.
2025-05-05,327.32,Santé,Suite moment glisser mari prouver.
2025-02-26,113.31,Shopping,Chasser couleur rose.
2025-04-11,173.38,Diverstissement,Devant inviter trésor selon ton cour.
2025-06-14,357.53,Shopping,Tenter mon terreur pleurer fatigue.
2025-01-07,333.28,Santé,Qualité intérêt détruire petit près double.
2024-11-04,254.87,Diverstissement,Doucement céder salle espérer note avance durant.
2025-06-17,116.33,Shopping,Ni perdu consentir dès paix.
2024-12-20,312.8,Diverstissement,Voiture en musique vue.
2024-10-23,241.01,Alimentation,Surveiller mort vendre quart esprit source aile.
2025-04-27,494.66,Santé,Regard partie dieu coucher occasion hôtel perte.
2025-03-22,113.31,Diverstissement,Deux crainte simplement ajouter.
2024-10-29,9.97,Shopping,Souvenir là cinq anglais campagne espace.
2025-07-08,279.83,Transport,Froid auquel sombre comme grand paysan.
2025-01-31,415.76,Santé,Produire occasion raison chaleur satisfaire un courant.
2024-10-01,281.93,Alimentation,Prier garçon sens horizon égal.
2025-04-24,167.4,Voyage,Vivant répandre premier monter.
2025-01-08,328.71,Alimentation,Aide ventre fatiguer abri passé glace envoyer.
2025-01-06,284.32,Alimentation,Changer naturel voisin éloigner brûler sommet impression.
2025-02-02,392.78,Santé,Respecter oh autrement flot résister position curiosité clef.
2025-05-27,347.11,Santé,Somme race veille long vieux prince.
2025-09-11,413.46,Santé,Peur simple vingt tracer poursuivre pluie effet.
2025-09-11,406.6,Santé,En malade endormir nécessaire.
2025-04-28,129.69,Logement,Propos étendue tranquille disposer fonder chat famille.
2025-02-23,484.63,Shopping,Toucher reste connaissance terminer vol.
2025-01-01,424.32,Voyage,Vivre commun plein éternel.
2024-12-02,407.57,Alimentation,De propos nouveau.
2025-08-02,251.22,Abonnement,Aucun propre prochain coin idée titre ami monde.
2025-03-01,405.72,Santé,Importer pur réflexion couler.
2025-06-09,296.1,Abonnement,Pour changer demain.
2025-03-05,60.89,Voyage,Prêt appuyer pendant terreur auteur barbe alors.
2025-04-24,394.57,Logement,Il changement précis derrière blanc.
2025-03-14,156.4,Diverstissement,Élément apercevoir contraire on nu.
2024-10-13,313.35,Voyage,Appartenir comment peine dès poids.
2025-02-06,120.3,Alimentation,Ciel étroit auprès fois ennemi fête vert.
2025-07-18,162.77,Diverstissement,Regarder siège nuage important dire est dresser.
2025-03-30,23.84,Shopping,Claire rejeter corps avant.
2025-04-17,157.89,Abonnement,Inviter animer personne avancer.
2024-11-17,33.43,Voyage,Avis terreur essuyer haut dieu village réussir.
2024-10-08,414.12,Transport,Penser depuis devant.
2025-05-10,425.96,Abonnement,Dimanche devant assurer guère colline former.
2025-07-01,282.89,Abonnement,Souvent noir endormir protéger charger.
2025-03-01,23.98,Abonnement,Quant À impossible notre nous.
2025-08-20,154.86,Logement,Fidèle bouche marier trouver perdre français bête assez.
2025-03-16,233.34,Shopping,Lutter émotion colon dépasser.
2024-10-13,5.12,Abonnement,Mariage durer diriger humain réussir éteindre bruit sentier.
2025-03-21,60.22,Abonnement,Haute avec accompagner.
2025-05-20,465.9,Logement,Règle mince écarter blond.
2024-10-21,312.65,Transport,Présenter joli chute trace.
2024-11-17,125.67,Transport,Glisser quatre maître.
2025-08-28,256.92,Logement,Apporter religion préférer.
2024-12-26,98.79,Voyage,Bruit partout tempête siècle inutile.
2025-08-31,11.36,Transport,Exposer sac tour.
2024-11-23,94.92,Shopping,Point crise vague prince terme prétendre renverser.
2025-07-29,129.75,Voyage,Abri tranquille année.
2025-05-24,494.33,Santé,Vraiment naissance apporter écraser situation debout devoir.
2025-03-13,307.53,Diverstissement,Train passé empire charge maintenir réveiller.
2024-12-06,468.09,Transport,Désert sur bord condition juste mer.
2025-06-03,239.05,Transport,Dormir étudier article mensonge seconde.
2025-05-23,133.14,Santé,Complètement oui oeuvre cela compagnon.
2025-03-10,159.5,Diverstissement,Principe monsieur quitter sommeil chaleur mais poésie.
2024-10-08,64.45,Diverstissement,Franc geste séparer palais nommer.
2025-02-20,94.5,Abonnement,Presser propre contenir connaître prononcer droit exprimer.
2025-05-14,416.6,Transport,Vendre folie jeu souffler.
2025-05-12,10.52,Diverstissement,Rester minute construire un depuis passé.
2024-11-23,250.96,Logement,Dur roman gauche saison.
2025-02-05,402.79,Diverstissement,Hauteur venir loin découvrir.
2025-01-05,91.78,Diverstissement,Déjà crier haine rire depuis.
2024-12-02,229.77,Logement,Sérieux crainte loin forcer presque docteur plein brûler.
2025-01-21,116.93,Diverstissement,Verre avec faute cas.
2025-04-05,102.22,Alimentation,Pencher liberté plan apprendre relation recherche.
2025-07-26,191.38,Shopping,Bas lentement possible retirer combien poésie.
2025-05-31,34.74,Santé,Quitter danser amener.
2025-01-31,317.33,Santé,Ancien trésor réflexion est médecin.
2024-12-13,45.67,Santé,Gloire moment supposer.
2024-10-19,96.61,Santé,Ah juger menacer recueillir sac ici portier sauter.
2025-03-24,372.0,Santé,Semaine fortune acheter travail juste se professeur derrière.
2025-09-02,148.13,Diverstissement,Pénétrer recevoir essayer six plaisir billet.
2025-08-21,429.83,Logement,Feu sien oreille protéger.
2025-08-27,178.34,Voyage,Ministre entretenir chance révolution observer honneur franc votre.
2025-03-10,26.55,Transport,Moindre envie accepter tirer.
2024-09-17,87.04,Logement,Haut ci cuisine peser bras énergie situation rouler.
2025-06-29,373.47,Voyage,Sauvage vision relation enlever.
2025-07-18,112.92,Logement,Accuser trésor sien coucher absolu chien cercle.
2025-03-25,198.98,Shopping,Arme réflexion bataille joli avancer après.
2025-09-06,64.81,Santé,Mesure cacher fermer haut.
2025-05-08,78.98,Shopping,Arriver vers aile rang.
2025-01-31,31.23,Transport,Gloire recevoir chef près.
2025-02-08,127.42,Transport,Autant toucher vêtir réflexion saisir croire chance.
2025-07-12,443.54,Logement,Heure ouvert principe amener frère forêt palais plante.
2025-01-27,292.12,Transport,Croiser différent siège grave prochain trembler en tout.
2024-12-14,189.1,Diverstissement,Vif passer garde mer existence.
2024-11-19,413.49,Logement,Article toi public musique.
2025-03-09,119.05,Voyage,Enfin famille étoile écouter agiter hiver.
2025-07-01,44.53,Shopping,Coin grâce remonter avec.
2025-06-09,25.97,Abonnement,Fauteuil donc saint séparer convenir.
2025-05-17,23.58,Alimentation,Dès malgré distance tapis roman ensemble.
2024-12-15,99.76,Transport,Début ah apporter passage soudain pluie.
2025-04-13,311.58,Abonnement,Tendre je étage voir personnage fixe.
2025-02-08,279.47,Shopping,Cas froid mon nécessaire choix expliquer.
2025-03-07,224.38,Transport,Drame petit succès croiser.
2025-01-03,58.33,Santé,Gens plusieurs vide.
2025-06-01,367.92,Alimentation,Durant mêler rester partout en avoir.
2025-05-29,358.2,Abonnement,Avec roi instinct acheter.
2024-12-03,182.25,Santé,Tant lors soldat remettre membre.
2024-11-01,180.51,Logement,Guère fixer terre éteindre porter possible soldat faveur.
2025-08-20,256.68,Alimentation,Particulier loi renoncer changement nouveau froid aider.
2025-06-19,5.81,Diverstissement,Émotion femme crise habitant devenir marcher fort papa.
2025-02-21,38.33,Voyage,Lettre peau enfermer tapis flot chef.
2025-07-04,235.85,Transport,Départ creuser début près chaque banc vert.
2025-02-09,307.04,Shopping,Dur assurer avec roi.
2025-05-29,188.87,Voyage,Plante nord enfant.
2024-12-07,386.14,Transport,Intelligence regretter amener métier.
2024-12-10,394.79,Alimentation,Rare abattre réfléchir étranger charger installer en accord.
2025-05-02,244.64,Abonnement,Usage espoir palais avant beau plaisir perdu.
2025-06-17,496.85,Transport,Paquet perdre obéir corde or souvent bas.
2024-11-30,300.96,Abonnement,Un étroit ordre réponse social trésor.
2024-12-23,407.66,Abonnement,Exemple oui métier épaule spectacle lutter.
2024-09-27,276.93,Abonnement,Partout attaquer malheur vie poste veille.
2024-10-11,492.27,Santé,Digne voyager dessiner engager amuser violent visage.
2025-06-20,170.51,Santé,Armée quart autant.
2025-04-23,227.94,Abonnement,Profiter leur jamais seul faible.
2024-09-18,103.37,Voyage,Monter salle oeuvre vert exemple or ignorer achever.
2024-10-25,378.84,Logement,Condamner masse oncle condition terreur emmener.
2024-12-14,476.81,Abonnement,Songer coûter instinct oncle gauche joie.
2025-07-14,223.85,Voyage,Armée fille puisque guère.
2025-01-04,162.81,Shopping,Pouvoir dimanche d'abord chat montrer prière.
2025-04-24,161.92,Santé,Abri arrière sans quarante sur blanc.
2025-03-01,131.91,Transport,Déposer bleu passé papier commun avant.
2025-01-18,291.52,Santé,Relever si réserver sein voisin derrière malheur.
2025-03-10,273.0,Alimentation,Droit occasion pied terreur poche sombre.
2025-01-16,75.27,Alimentation,Promettre juge étage.
2024-09-19,471.65,Abonnement,Désert réserver si rencontre parmi.
2024-12-01,174.5,Santé,Danser poussière commander dernier visible plante arrêter.
2025-07-09,238.93,Abonnement,Pencher élever anglais douter.
2025-01-31,429.35,Transport,Réel vivant chaque par bord suivre.
2025-01-29,410.7,Shopping,Écarter beauté nuit prison pénétrer fin.
2025-08-15,117.42,Abonnement,Hasard parvenir petit secrétaire tellement commencer dont.
2025-08-24,86.36,Alimentation,Chair cacher menacer grandir durer terre travers.
2025-01-10,411.4,Abonnement,Bientôt fête fumée embrasser risquer quarante flot.
2024-11-06,438.69,Logement,Également suite source vaincre croix fois tout.
2025-02-07,331.02,Santé,Crise fatiguer course souffrance durant savoir lumière vrai.
2024-11-28,293.24,Alimentation,Glace rose flot extraordinaire taire nommer hors.
2025-08-27,123.65,Transport,Anglais consulter or raconter.
2025-09-13,459.58,Diverstissement,Vieux réflexion lendemain sentier.
2025-08-12,271.86,Transport,Etc douze acheter soit étrange français vrai.
2024-11-26,178.61,Voyage,Passé ni chasse plutôt voilà décrire sec.
2024-11-16,394.85,Voyage,Saluer entrer souhaiter appuyer profondément force.
2024-10-24,105.34,Transport,Que vieil lutter sentiment crier prêt voler.
2025-07-10,322.0,Logement,Chemise renverser plante.
2025-06-04,283.88,Transport,Vision famille réalité rappeler oncle aujourd'hui.
2024-12-06,447.85,Shopping,Plan faux musique présenter billet même.
2025-07-28,79.01,Diverstissement,Public nord rouge jeter.
2025-08-21,48.27,Logement,Quelque parmi raison sorte entre.
2024-11-16,188.69,Logement,Mien tant après.
2025-06-09,79.98,Transport,Vague respirer instinct enfoncer grâce.
2025-05-03,448.33,Shopping,Hésiter nourrir porte intérêt joue imaginer.
2025-08-19,63.82,Santé,Fait moyen suite nez fou.
2024-12-31,237.0,Diverstissement,Dégager pourquoi accompagner front aucun.
2025-04-26,324.75,Santé,Préparer maison voisin hier ton son.
2025-02-07,162.26,Transport,Habitude protéger fer oeil.
2025-02-22,329.11,Abonnement,Distance soir nature coucher.
2024-11-16,330.66,Abonnement,Derrière manquer achever juge oeil avec grand.
2025-06-02,73.75,Diverstissement,Maître machine adresser aspect.
2024-11-25,312.57,Voyage,Cheval fixer profondément haut vieux imposer retirer.
2025-02-01,241.87,Abonnement,Certes tapis chanter sujet un public qui.
2025-05-22,115.88,Transport,Debout passé bête prouver tantôt éprouver.
2024-11-07,481.57,Diverstissement,Saint ici douze objet par sauvage couvrir.
2025-03-04,136.75,Transport,Complètement commander aucun année durant chance autour politique.
2025-06-14,119.25,Transport,Finir nombreux effort moins pauvre oncle bien.
2025-04-10,78.8,Voyage,Danser propos ce caresser as impression satisfaire.
2024-12-01,428.62,Logement,Remplir toit chemin journée.
2025-06-14,224.4,Abonnement,Reconnaître penser abattre art regarder achever.
2025-05-11,435.58,Alimentation,Chanter soin faible général moyen conseil compagnon.
2024-11-23,251.66,Voyage,Distance expression soleil asseoir impossible.
2025-08-23,359.5,Santé,Libre existence donner fort éprouver envoyer.
2025-01-27,322.96,Santé,Avouer précipiter désormais quart aucun ami troubler.
2025-06-27,391.18,Alimentation,Revoir ensuite cou erreur vert plutôt.
2025-08-23,129.25,Alimentation,Rapporter prononcer fin couche.
2025-08-17,433.54,Alimentation,Consulter supporter surveiller chaise théâtre.
2025-05-05,322.11,Logement,Trou mort qui tempête.
2025-06-01,173.78,Shopping,Humide te enfoncer éclat larme sept.
2025-03-26,221.34,Diverstissement,Gouvernement asseoir puissant village vide vingt.
2025-02-19,338.15,Santé,Chercher endormir trois sortir remercier ah marché.
2025-03-21,364.38,Santé,Falloir éloigner raconter prix chaque chasser secrétaire admettre.
2025-02-18,34.34,Shopping,Poche passer casser vert bout.
2025-05-06,338.27,Santé,Miser quelque étude taille.
2025-07-08,122.12,Santé,Peser user diriger perte suivre.
2025-03-27,427.72,Transport,Début fier note milieu.
2024-11-14,128.8,Diverstissement,Nommer moyen consentir inspirer courant président transformer.
2024-09-24,147.97,Shopping,Beau toute vendre tendre frais intéresser soin.
2025-04-01,488.58,Santé,Enlever le relation supporter nous or tandis que.
2025-04-21,219.09,Diverstissement,Tenter trop tapis accepter rare déclarer.
2025-06-27,81.09,Voyage,Chant centre subir.
2024-10-16,22.55,Transport,Effacer abri garde certainement nombreux commencer rêve.
2025-06-19,470.58,Transport,Plan paix sauvage.
2024-11-14,153.85,Diverstissement,Soumettre produire changer salle terrain long trouver.
2025-02-28,107.45,Shopping,Égal appuyer doute répéter autrement garçon.
2025-04-26,79.66,Shopping,Dire escalier usage ciel demi l'un.
2024-09-23,8.87,Diverstissement,Gauche protéger faux grave croire espace.
2025-05-26,436.36,Santé,Étaler neuf auteur guerre énorme battre attacher saint.
2025-04-08,369.21,Transport,Élever course succès soumettre.
2025-03-17,324.17,Shopping,Froid partir banc journal rêve remplacer.
2025-04-29,202.32,Alimentation,Capable fatigue dehors sens.
2024-10-15,449.23,Alimentation,Livre professeur comprendre.
2024-12-05,374.98,Santé,Personne angoisse surveiller confier tromper joindre en.
2025-03-16,420.24,Diverstissement,Feu compagnie contenter brûler.
2025-02-03,200.6,Transport,Haut mari village bataille blanc monsieur.
2025-05-27,187.34,Santé,Devenir décider qui arbre pousser.
2024-10-26,111.85,Santé,Pays hésiter asseoir social d'autres attaquer achever fumée.
2025-01-21,279.68,Voyage,Billet accompagner obtenir trait car.
2024-10-16,479.94,Alimentation,Vue tout effort grand peser chemise tirer.
2025-03-01,212.59,Diverstissement,Goût air connaître soulever secret arbre poursuivre reculer.
2024-09-19,67.81,Alimentation,Secours principe mort facile.
2025-04-22,290.55,Voyage,Oreille imaginer je entrer pourquoi chasser neuf.
2024-10-12,263.94,Logement,Vol peau recueillir jaune réclamer voiture vague émotion.
2024-10-16,25.5,Voyage,Bruit cela cabinet lui debout importer chasse.
2025-05-12,174.36,Diverstissement,Sens cher livre rire.
2025-03-26,144.67,Transport,Escalier masse ainsi saison ramener heureux.
